INSERT INTO Position(shortname)
VALUES ('GK'),
       ('LB'),
       ('CB'),
       ('RB'),
       ('LCM'),
       ('CM'),
       ('RCM'),
       ('LW'),
       ('RW'),
       ('CF');

INSERT INTO Sponsor(SPONSORNAME)
VALUES ('Nike'),
       ('Adidas'),
       ('Tesla'),
       ('Facebook');

INSERT INTO Sponsor(SPONSORNAME, income)
VALUES ('Nike', 10000000000),
       ('MAXIMUM POWER', 100),
       ('Юрий Хованский', 303232023),
       ('Михаил Шафутинский', 1231203);

INSERT INTO Stadium(STADIUMNAME, CAPACITY)
VALUES ('CSKA_STADIUM', 123000),
       ('STAMFORD BRIDGE', 23431),
       ('Стадион Зенит', 10000),
       ('Двор Пети', 13),
       ('Двор Пети', 10),
       ('Сантьяго Бернабеу', 1000),
       ('Уайт Харт Лейн', 100000),
       ('Петровский', 103401),
       ('Кантербери', 134);

BEGIN TRANSACTION;
INSERT INTO Player(PLAYERFIRSTNAME, PLAYERLASTNAME, POSITIONNAME)
VALUES ('mie', 'Allen', 'CB'),
       ('lissa', 'Nelson', 'RCM'),
       ('trick', 'Young', 'RB'),
       ('ura', 'Rodriguez', 'RCM'),
       ('tthew', 'Davis', 'RW'),
       ('se', 'Nelson', 'LCM'),
       ('trick', 'Wright', 'CB'),
       ('muel', 'Clark', 'CM'),
       ('hley', 'Davis', 'GK'),
       ('Adam', 'Davis', 'RCM'),
       ('Andrew', 'Baker', 'CB'),
       ('Mark', 'Nelson', 'CB'),
       ('Jonathan', 'Wilson', 'CF'),
       ('Michael', 'Jones', 'RW'),
       ('Zachary', 'Young', 'GK'),
       ('Kyle', 'Lewis', 'CF'),
       ('Andrew', 'Hill', 'RW'),
       ('Tiffany', 'Lee', 'RB'),
       ('Joshua', 'Gonzalez', 'CB'),
       ('Brandon', 'Robinson', 'CM'),
       ('Tiffany', 'Robinson', 'LW'),
       ('Vanessa', 'Lopez', 'LB'),
       ('Jennifer', 'Adams', 'CF'),
       ('Emily', 'Thomas', 'LW'),
       ('Jennifer', 'Harris', 'GK'),
       ('Erin', 'Adams', 'CM'),
       ('Christopher', 'Hernandez', 'RW'),
       ('Alicia', 'Moore', 'GK'),
       ('Jamie', 'Hernandez', 'LB'),
       ('Joshua', 'Carter', 'LCM'),
       ('Sara', 'Taylor', 'RW'),
       ('Daniel', 'Moore', 'CF'),
       ('Michael', 'Young', 'RB'),
       ('Paul', 'Lewis', 'RCM'),
       ('Laura', 'Davis', 'LCM'),
       ('Jennifer', 'Moore', 'LW'),
       ('Andrew', 'Nelson', 'RW'),
       ('Patrick', 'Allen', 'LCM'),
       ('Ashley', 'Walker', 'CB'),
       ('Melissa', 'Baker', 'RCM'),
       ('Christina', 'Jones', 'CF'),
       ('Kyle', 'Anderson', 'GK'),
       ('Jason', 'Brown', 'RB'),
       ('Kelly', 'Jackson', 'CM'),
       ('Christina', 'Moore', 'RCM'),
       ('Thomas', 'Harris', 'LB'),
       ('Gregory', 'Jones', 'LB'),
       ('Lisa', 'King', 'RCM'),
       ('Lauren', 'Garcia', 'CM'),
       ('Courtney', 'White', 'RCM'),
       ('James', 'Hill', 'CM'),
       ('Emily', 'Lopez', 'RCM'),
       ('Sarah', 'Wright', 'RB'),
       ('Alicia', 'Scott', 'GK'),
       ('Benjamin', 'White', 'GK'),
       ('Paul', 'Hall', 'LW'),
       ('Jeffrey', 'Lee', 'RW'),
       ('Christine', 'Clark', 'LCM'),
       ('Melissa', 'Martin', 'LCM'),
       ('Jennifer', 'Rodriguez', 'GK');
INSERT INTO Positionplayer(PLAYERID, POSITIONNAME)
VALUES (1, 'CB'),
       (2, 'RCM'),
       (3, 'RB'),
       (4, 'RCM'),
       (5, 'RW'),
       (6, 'LCM'),
       (7, 'CB'),
       (8, 'CM'),
       (9, 'GK'),
       (10, 'RCM'),
       (11, 'CB'),
       (12, 'CB'),
       (13, 'CF'),
       (14, 'RW'),
       (15, 'GK'),
       (16, 'CF'),
       (17, 'RW'),
       (18, 'RB'),
       (19, 'CB'),
       (20, 'CM'),
       (21, 'LW'),
       (22, 'LB'),
       (23, 'CF'),
       (24, 'LW'),
       (25, 'GK'),
       (26, 'CM'),
       (27, 'RW'),
       (28, 'GK'),
       (29, 'LB'),
       (30, 'LCM'),
       (31, 'RW'),
       (32, 'CF'),
       (33, 'RB'),
       (34, 'RCM'),
       (35, 'LCM'),
       (36, 'LW'),
       (37, 'RW'),
       (38, 'LCM'),
       (39, 'CB'),
       (40, 'RCM'),
       (41, 'CF'),
       (42, 'GK'),
       (43, 'RB'),
       (44, 'CM'),
       (45, 'RCM'),
       (46, 'LB'),
       (47, 'LB'),
       (48, 'RCM'),
       (49, 'CM'),
       (50, 'RCM'),
       (51, 'CM'),
       (52, 'RCM'),
       (53, 'RB'),
       (54, 'GK'),
       (55, 'GK'),
       (56, 'LW'),
       (57, 'RW'),
       (58, 'LCM'),
       (59, 'LCM'),
       (60, 'GK'),
       (60, 'LCM');

INSERT INTO Player(PLAYERLASTNAME, POSITIONNAME)
VALUES ('PUTIN', 'LW');

INSERT INTO Positionplayer(PLAYERID, POSITIONNAME)
VALUES (61, 'GK'),
       (61, 'LW');
COMMIT;

INSERT INTO SponsorPlayer(salary, sponsorid, playerid)
VALUES (1000, 1, 34),
       (100, 1, 38),
       (10, 2, 34),
       (1430, 5, 13),
       (3444444, 3, 61),
       (3424, 8, 12),
       (9584, 3, 42),
       (1, 6, 11);

BEGIN TRANSACTION;
INSERT INTO TEAM(TEAMNAME, CITY, STADIUMID, PLAYERID)
VALUES ('Liverpool', 'London', 1, 1),
       ('Tottenham', 'London', 2, 12),
       ('Zenit', 'Saint-Petersburg', 3, 23),
       ('Barcelona', 'Barcelona', 4, 34),
       ('Zvezda', 'Chelyabinsk', 5, 45),
       ('Kroty', 'Kiev', 6, 56);
INSERT INTO Contract(SALARY, GOALBONUS, ASSISTBONUS, playerid, teamid)
VALUES (10000000, 100, 39, 1, 1),
       (100000000, 10000, 40, 12, 2),
       (434, 2, 1000, 23, 3),
       (14343, 132, 123, 34, 4),
       (9876, null, 11, 45, 5),
       (10, 100, null, 56, 6);
COMMIT;

INSERT INTO SponsorTeam(salary, sponsorid, teamid)
VALUES (1000, 1, 4),
       (100, 5, 2),
       (10, 2, 1),
       (1430, 5, 6),
       (3444444, 3, 3),
       (3424, 8, 5),
       (9584, 3, 2),
       (1, 6, 1);
INSERT INTO contract(salary, goalbonus, assistbonus, playerid, teamid)
VALUES (863334, 554, 10, 2, 1),
       (790175, 388, 0, 3, 1),
       (652449, 201, 8, 4, 1),
       (581853, 817, 8, 5, 1),
       (376826, 215, 6, 6, 1),
       (102264, 189, 1, 7, 1),
       (149242, 323, 8, 8, 1),
       (375372, 108, 4, 9, 1),
       (175861, 484, 3, 10, 1),
       (701686, 27, 10, 11, 1),
       (660755, 769, 4, 13, 2),
       (633849, 618, 9, 14, 2),
       (18240, 965, 3, 15, 2),
       (840681, 531, 9, 16, 2),
       (413972, 296, 10, 17, 2),
       (87464, 197, 5, 18, 2),
       (752681, 912, 4, 19, 2),
       (761647, 884, 9, 20, 2),
       (73841, 150, 4, 21, 2),
       (983315, 651, 8, 22, 2),
       (525218, 172, 9, 24, 3),
       (738559, 807, 10, 25, 3),
       (726833, 653, 8, 26, 3),
       (811597, 580, 2, 27, 3),
       (777974, 78, 4, 28, 3),
       (68541, 739, 3, 29, 3),
       (762637, 386, 10, 30, 3),
       (428400, 151, 3, 31, 3),
       (539841, 742, 2, 32, 3),
       (430529, 653, 2, 33, 3),
       (484086, 48, 7, 35, 4),
       (953375, 877, 5, 36, 4),
       (466419, 123, 1, 37, 4),
       (806397, 367, 6, 38, 4),
       (328592, 666, 10, 39, 4),
       (580278, 687, 10, 40, 4),
       (242274, 806, 1, 41, 4),
       (570299, 525, 6, 42, 4),
       (905603, 221, 3, 43, 4),
       (296863, 615, 0, 44, 4),
       (335672, 149, 1, 46, 5),
       (501629, 876, 5, 47, 5),
       (527545, 267, 5, 48, 5),
       (706399, 426, 7, 49, 5),
       (178613, 51, 6, 50, 5),
       (311743, 462, 0, 51, 5),
       (287225, 410, 8, 52, 5),
       (184664, 254, 0, 53, 5),
       (684166, 596, 10, 54, 5),
       (944744, 366, 3, 55, 5),
       (202048, 605, 8, 57, 6),
       (513443, 572, 3, 58, 6),
       (832584, 160, 9, 59, 6),
       (30197, 109, 6, 60, 6),
       (805396, 113, 2, 61, 6);

INSERT INTO match(MATCHDATE, TOURNUM, HOMETEAMID, AWAYTEAMID)
VALUES (date'2021-01-08', 1, 1, 2),
       (date'2021-01-08', 1, 3, 4),
       (date'2021-01-10', 3, 5, 4),
       (date'2021-01-14', 4, 4, 5),
       (date'2021-01-17', 2, 1, 3),
       (date'2021-01-20', 4, 2, 1),
       (date'2021-02-08', 5, 4, 1),
       (date'2021-03-03', 6, 3, 5);

INSERT INTO Goal(HALF, MINUTEGOAL, SCORERID, MATCHID)
VALUES (1, 31, 3, 1),
       (1, 44, 13, 1),
       (2, 91, 15, 1),
       (2, 64, 24, 2),
       (2, 77, 37, 2),
       (1, 10, 47, 4),
       (1, 13, 39, 4),
       (2, 64, 40, 4),
       (1, 3, 1, 6),
       (1, 17, 1, 6),
       (1, 19, 1, 6),
       (2, 71, 13, 6),
       (2, 78, 15, 6),
       (2, 90, 17, 6),
       (1, 18, 3, 7),
       (1, 34, 29, 8),
       (1, 47, 50, 8),
       (2, 91, 51, 8);

INSERT INTO assist(PLAYERID, GOALID)
VALUES (4, 1),
       (15, 2),
       (25, 4),
       (49, 6),
       (39, 8),
       (2, 10),
       (3, 11),
       (19, 12),
       (14, 13),
       (2, 15),
       (30, 16),
       (53, 17);
